{"cameraMode":{"drawMode":0,"name":"Shaded","section":"Shading Mode"},"sceneLighting":true,"audioPlay":false,"sceneViewState":{"showFog":true,"showMaterialUpdate":false,"showSkybox":true,"showFlares":true,"showImageEffects":true,"showParticleSystems":true,"showVisualEffectGraphs":true,"m_FxEnabled":true},"in2DMode":false,"pivot":{"x":4.506646633148193,"y":3.3291358947753908,"z":-7.484025001525879},"rotation":{"x":-0.08570388704538346,"y":0.0035844100639224054,"z":-0.00030831823823973536,"w":-0.9963166117668152},"size":7.695458889007568,"orthographic":false}