{"cameraMode":{"drawMode":0,"name":"Shaded","section":"Shading Mode"},"sceneLighting":true,"audioPlay":false,"sceneViewState":{"showFog":true,"showMaterialUpdate":false,"showSkybox":true,"showFlares":true,"showImageEffects":true,"showParticleSystems":true,"showVisualEffectGraphs":true,"m_FxEnabled":true},"in2DMode":false,"pivot":{"x":-0.2982851266860962,"y":0.7106260657310486,"z":0.08895933628082276},"rotation":{"x":0.09535995125770569,"y":-0.6572238206863403,"z":0.08460583537817002,"w":0.7430716753005981},"size":0.9941425919532776,"orthographic":false}