{"cameraMode":{"drawMode":0,"name":"Shaded","section":"Shading Mode"},"sceneLighting":true,"audioPlay":false,"sceneViewState":{"showFog":true,"showMaterialUpdate":false,"showSkybox":true,"showFlares":true,"showImageEffects":true,"showParticleSystems":true,"showVisualEffectGraphs":true,"m_FxEnabled":true},"in2DMode":false,"pivot":{"x":16.408687591552736,"y":34.62055206298828,"z":15.986753463745118},"rotation":{"x":-0.000003569001592040877,"y":0.6763690114021301,"z":0.000001745333520375425,"w":-0.7365857362747192},"size":46.09920883178711,"orthographic":false}