{"cameraMode":{"drawMode":0,"name":"Shaded","section":"Shading Mode"},"sceneLighting":true,"audioPlay":false,"sceneViewState":{"showFog":true,"showMaterialUpdate":false,"showSkybox":true,"showFlares":true,"showImageEffects":true,"showParticleSystems":true,"showVisualEffectGraphs":true,"m_FxEnabled":true},"in2DMode":false,"pivot":{"x":2.090894937515259,"y":4.082465171813965,"z":-7.3707475662231449},"rotation":{"x":-0.03313736990094185,"y":-0.09968119114637375,"z":0.0033215414732694628,"w":-0.9944645166397095},"size":5.485252380371094,"orthographic":false}